protein	position	ref_aa	alt_aa	tier	evidence	url	m_count	av_count	freq_m	freq_a	OR	q	status
PB2	627	E	K	1_validated	technical control; classic mammalian adaptation, experimentally validated in H5N1	https://www.nature.com/articles/ncomms8491	242	149	0.048197570205138415	0.008540150169083511	5.870789789587008	1.6344453077595304e-62	recovered
PA	97	T	I	1_validated	experimentally validated mammalian polymerase-activity marker (H5N1 screen; H6N1 mice)	https://www.nature.com/articles/ncomms8491 ; https://pubmed.ncbi.nlm.nih.gov/25194918/	3	7	0.0005955926146515784	0.0004010312231452306	1.617366835501705	1.0	testable_not_significant
PB1	105	N	S	1_validated	experimentally validated in H5N1 mammalian-adaptation screen; virulence in mice	https://www.nature.com/articles/ncomms8491	26	18	0.00518237990831174	0.0010337104462183426	4.9920621813840285	5.697833100322136e-06	recovered
PB1-F2	66	N	S	1_validated	increased virulence in mammals (H5N1 HK/97; 1918)	https://journals.plos.org/plospathogens/article?id=10.1371/journal.ppat.0030141	0	0	0	0			absent_in_data
PB1	3	D	V	2_literature	reported polymerase-activity/replication enhancer (inventory: Suttie 2019 + 2024 update)	https://www.mcmasterforum.org/docs/default-source/product-documents/rapid-responses/molecular-signatures-of-mammalian-adaptation-of-avian-influenza-viruses.pdf?sfvrsn=af4d22db_1	0	0	0	0			absent_in_data
PB1	13	L	P	2_literature	reported mammalian-associated, inventory	https://www.mcmasterforum.org/docs/default-source/product-documents/rapid-responses/molecular-signatures-of-mammalian-adaptation-of-avian-influenza-viruses.pdf?sfvrsn=af4d22db_1	0	0	0	0			absent_in_data
PB1	622	D	G	2_literature	reported polymerase-activity enhancer, inventory	https://www.mcmasterforum.org/docs/default-source/product-documents/rapid-responses/molecular-signatures-of-mammalian-adaptation-of-avian-influenza-viruses.pdf?sfvrsn=af4d22db_1	0	0	0	0			absent_in_data
PB1	368	I	V	2_literature	reported transmission/polymerase marker, inventory	https://www.mcmasterforum.org/docs/default-source/product-documents/rapid-responses/molecular-signatures-of-mammalian-adaptation-of-avian-influenza-viruses.pdf?sfvrsn=af4d22db_1	1	70	0.00019932230416583617	0.004019985068626888	0.07355938169996458	1.0	untestable_rare
PB1	99	H	Y	2_literature	reported in pH1N1 polymerase signature, inventory	https://www.mcmasterforum.org/docs/default-source/product-documents/rapid-responses/molecular-signatures-of-mammalian-adaptation-of-avian-influenza-viruses.pdf?sfvrsn=af4d22db_1	0	0	0	0			absent_in_data
PB1	473	L	V	2_literature	reported 2.3.4.4b-era mammalian association, inventory (2024 update)	https://www.mcmasterforum.org/docs/default-source/product-documents/rapid-responses/molecular-signatures-of-mammalian-adaptation-of-avian-influenza-viruses.pdf?sfvrsn=af4d22db_1	0	0	0	0			absent_in_data
PB1	375	D	N	2_literature	human-signature position (pH1N1 2009 genomic signatures)	https://wwwnc.cdc.gov/eid/article/15/12/09-0845_article	0	0	0	0			absent_in_data
PA	356	K	R	2_literature	reported mammalian polymerase marker, inventory	https://www.mcmasterforum.org/docs/default-source/product-documents/rapid-responses/molecular-signatures-of-mammalian-adaptation-of-avian-influenza-viruses.pdf?sfvrsn=af4d22db_1	25	58	0.004963271788763153	0.003322830134631911	1.5129228211522476	0.9450864617101291	testable_not_significant
PA	383	N	D	2_literature	adaptive PA mutation in human replication (Mehle & Doudna 2009 PNAS; inventory)	https://www.pnas.org/doi/10.1073/pnas.0904097106	0	0	0	0			absent_in_data
PA	224	S	P	2_literature	reported mammalian-associated, inventory	https://www.mcmasterforum.org/docs/default-source/product-documents/rapid-responses/molecular-signatures-of-mammalian-adaptation-of-avian-influenza-viruses.pdf?sfvrsn=af4d22db_1	83	301	0.01647806233869367	0.017244342595244915	0.9589089905536736	1.0	testable_not_significant
PA	36	A	V	2_literature	reported mammalian-associated, inventory	https://www.mcmasterforum.org/docs/default-source/product-documents/rapid-responses/molecular-signatures-of-mammalian-adaptation-of-avian-influenza-viruses.pdf?sfvrsn=af4d22db_1	2	17	0.0003970617431010522	0.00097393297049556	0.49473027221016497	1.0	untestable_rare
