protein	position	marker_alt	tier	alt_m	alt_av	tot_m	tot_av	freq_m	freq_a	avian_consensus	mammal_consensus
PB2	627	K	1_validated	241	149	5355	17739	0.04500	0.00840	E	E
PA	97	I	1_validated	6	8	5383	17765	0.00111	0.00045	T	T
PB1	105	S	1_validated	26	13	5277	14913	0.00493	0.00087	N	N
PB1-F2	66	S	1_validated	535	15217	5353	17123	0.09994	0.88869	S	N
PB1	3	V	2_literature	5276	14897	5277	14913	0.99981	0.99893	V	V
PB1	13	P	2_literature	5260	14905	5277	14913	0.99678	0.99946	P	P
PB1	622	G	2_literature	5277	14887	5277	14913	1.00000	0.99826	G	G
PB1	368	V	2_literature	1	68	5277	14913	0.00019	0.00456	I	I
PB1	99	Y	2_literature	0	2	5277	14913	0.00000	0.00013	H	H
PB1	473	V	2_literature	5277	14894	5277	14913	1.00000	0.99873	V	V
PB1	375	N	2_literature	354	9620	5277	14913	0.06708	0.64507	N	S
PA	356	R	2_literature	25	58	5383	17765	0.00464	0.00326	K	K
PA	383	D	2_literature	5381	17710	5383	17765	0.99963	0.99690	D	D
PA	224	P	2_literature	80	290	5383	17765	0.01486	0.01632	S	S
PA	36	V	2_literature	2	17	5383	17765	0.00037	0.00096	A	A
