protein	pos	alt	group	freq	n_group
PB2	58	A	cattle	0.6619	4277
PB2	58	A	other_mammal	0.1199	367
PB2	58	A	felids	0.5354	198
PB2	58	A	pinnipeds	0.0000	109
PB2	58	A	human	0.5417	48
PB2	58	A	mustelids	0.0000	22
PB2	109	I	cattle	0.9836	4277
PB2	109	I	other_mammal	0.1199	367
PB2	109	I	felids	0.5455	198
PB2	109	I	pinnipeds	0.0092	109
PB2	109	I	human	0.6667	48
PB2	109	I	mustelids	0.0000	22
PB2	139	I	cattle	0.9841	4277
PB2	139	I	other_mammal	0.2779	367
PB2	139	I	felids	0.5960	198
PB2	139	I	pinnipeds	0.0000	109
PB2	139	I	human	0.6667	48
PB2	139	I	mustelids	0.0000	22
PB2	362	G	cattle	0.9846	4277
PB2	362	G	other_mammal	0.1172	367
PB2	362	G	felids	0.5455	198
PB2	362	G	pinnipeds	0.0000	109
PB2	362	G	human	0.6250	48
PB2	362	G	mustelids	0.0000	22
PB2	441	N	cattle	0.9839	4277
PB2	441	N	other_mammal	0.1199	367
PB2	441	N	felids	0.5455	198
PB2	441	N	pinnipeds	0.0000	109
PB2	441	N	human	0.6667	48
PB2	441	N	mustelids	0.0000	22
PB2	495	I	cattle	0.9785	4277
PB2	495	I	other_mammal	0.1199	367
PB2	495	I	felids	0.5455	198
PB2	495	I	pinnipeds	0.0000	109
PB2	495	I	human	0.6667	48
PB2	495	I	mustelids	0.0000	22
PB2	631	L	cattle	0.9848	4277
PB2	631	L	other_mammal	0.1172	367
PB2	631	L	felids	0.5455	198
PB2	631	L	pinnipeds	0.0000	109
PB2	631	L	human	0.6250	48
PB2	631	L	mustelids	0.0000	22
PB2	649	I	cattle	0.9799	4277
PB2	649	I	other_mammal	0.1199	367
PB2	649	I	felids	0.5455	198
PB2	649	I	pinnipeds	0.0000	109
PB2	649	I	human	0.6667	48
PB2	649	I	mustelids	0.0000	22
PB2	670	R	cattle	0.6579	4277
PB2	670	R	other_mammal	0.0054	367
PB2	670	R	felids	0.2626	198
PB2	670	R	pinnipeds	0.0000	109
PB2	670	R	human	0.3542	48
PB2	670	R	mustelids	0.0000	22
PB2	676	A	cattle	0.9668	4277
PB2	676	A	other_mammal	0.1172	367
PB2	676	A	felids	0.5758	198
PB2	676	A	pinnipeds	0.0000	109
PB2	676	A	human	0.6875	48
PB2	676	A	mustelids	0.0000	22
PB2	758	T	cattle	0.1101	4277
PB2	758	T	other_mammal	0.0000	367
PB2	758	T	felids	0.0000	198
PB2	758	T	pinnipeds	0.0000	109
PB2	758	T	human	0.0000	48
PB2	758	T	mustelids	0.0000	22
PB2	249	G	cattle	0.0839	4277
PB2	249	G	other_mammal	0.0082	367
PB2	249	G	felids	0.0657	198
PB2	249	G	pinnipeds	0.0000	109
PB2	249	G	human	0.1250	48
PB2	249	G	mustelids	0.0000	22
