protein	pos	avian_cons	alt	m	m_other	av	av_other	freq_m	freq_a	OR	p	q	g2_pass	hap_m	hap_a	struct_status	dist_ANP32B_A	dist_catalytic_A	dist_PB2_A
PB1	75	E	D	4457	560	1511	15902	0.8883795096671318	0.08677424912421754	83.67062010167072	0.0	0.0	True	255	343	resolved-8R1J-chainB	97.4	18.5	35.7
PB1	171	M	V	4451	566	1538	15875	0.8871835758421367	0.08832481479354505	81.08422596142951	0.0	0.0	True	255	361	resolved-8R1J-chainB	72.8	33.0	21.2
PB1	179	M	I	4480	537	3169	14244	0.892963922662946	0.18199046689255155	37.463165123983316	0.0	0.0	True	266	778	resolved-8R1J-chainB	76.8	40.3	20.7
PB1	587	A	P	4460	557	1495	15918	0.8889774765796292	0.08585539539424568	85.16367548085212	0.0	0.0	True	257	333	resolved-8R1J-chainB	41.4	51.1	15.4
PA	68	P	S	988	4049	327	17128	0.19614850109191978	0.018733887138355772	12.76683654282076	0.0	0.0	True	79	59	resolved-8R1J-chainD	61.3	42.5	5.0
PA	113	K	R	4452	585	1527	15928	0.8838594401429423	0.0874820968203953	79.2995439431655	0.0	0.0	True	425	384	resolved-8R1J-chainA	49.1	75.3	18.9
PA	219	L	I	4194	843	472	16983	0.8326384752829065	0.027040962474935547	178.7394818139335	0.0	0.0	True	380	78	resolved-8R1J-chainA	85.3	25.3	32.3
PA	277	S	P	4471	566	1568	15887	0.8876315267024022	0.08983099398453165	79.95108492128092	0.0	0.0	True	427	396	resolved-8R1J-chainA	91.4	36.5	31.1
PA	432	V	I	3009	2028	1186	16269	0.5973793924955331	0.06794614723574907	20.34350590474279	0.0	0.0	True	253	414	resolved-8R1J-chainA	42.2	44.5	8.4
PA	497	K	R	4273	764	488	16967	0.8483224141353981	0.027957605270696077	194.15988601135467	0.0	0.0	True	394	80	resolved-8R1J-chainA	71.2	53.3	26.7
PA	558	S	L	4476	561	1539	15916	0.8886241810601548	0.08816957891721569	82.42457349748403	0.0	0.0	True	432	390	resolved-8R1J-chainA	95.7	61.8	43.6
PA	655	L	F	697	4340	26	17429	0.1383760174707167	0.0014895445431108564	105.69233828812871	0.0	0.0	True	50	11	resolved-8R1J-chainA	80.7	21.1	23.3
PA	137	K	R	442	4595	7	17448	0.08775064522533253	0.0004010312231452306	224.01512349037102	1.355193511318627e-280	1.1123011358284423e-278	True	27	6	resolved-8R1J-chainA	66.4	63.2	26.8
PA	362	K	R	417	4620	44	17411	0.08278737343656939	0.0025207676883414495	35.35441711279362	2.3958809220477645e-220	1.8260035313035462e-218	True	29	12	resolved-8R1J-chainA	84.4	55.6	23.5
PA	94	I	V	270	4767	90	17365	0.05360333531864205	0.005156115726152965	10.887176931746083	1.7432499220149458e-101	1.0941456863470278e-99	True	39	40	resolved-8R1J-chainA	60.4	73.1	17.4
