protein	pos	alt	month	n_cattle	n_alt	freq
PA	68	S	2024-03	192	0	0.0000
PA	68	S	2024-04	329	0	0.0000
PA	68	S	2024-05	265	0	0.0000
PA	68	S	2024-06	279	0	0.0000
PA	68	S	2024-07	183	0	0.0000
PA	68	S	2024-08	58	0	0.0000
PA	68	S	2024-09	292	20	0.0685
PA	68	S	2024-10	464	204	0.4397
PA	68	S	2024-11	492	317	0.6443
PA	68	S	2024-12	554	355	0.6408
PA	68	S	2025-01	70	36	0.5143
PA	68	S	2025-02	109	42	0.3853
PA	68	S	2025-03	139	20	0.1439
PA	68	S	2025-04	234	18	0.0769
PA	68	S	2025-05	183	11	0.0601
PA	68	S	2025-06	120	10	0.0833
PA	68	S	2025-07	236	6	0.0254
PA	68	S	2025-08	71	4	0.0563
PA	68	S	2025-09	66	9	0.1364
PA	68	S	2025-10	22	11	0.5000
PA	68	S	2026-05	97	0	0.0000
PA	68	S	2026-06	49	0	0.0000
PA	68	S	2026-07	48	0	0.0000
PA	94	V	2024-03	192	0	0.0000
PA	94	V	2024-04	329	0	0.0000
PA	94	V	2024-05	265	0	0.0000
PA	94	V	2024-06	279	0	0.0000
PA	94	V	2024-07	183	1	0.0055
PA	94	V	2024-08	58	0	0.0000
PA	94	V	2024-09	292	0	0.0000
PA	94	V	2024-10	464	0	0.0000
PA	94	V	2024-11	492	0	0.0000
PA	94	V	2024-12	554	0	0.0000
PA	94	V	2025-01	70	0	0.0000
PA	94	V	2025-02	109	0	0.0000
PA	94	V	2025-03	139	3	0.0216
PA	94	V	2025-04	234	23	0.0983
PA	94	V	2025-05	183	66	0.3607
PA	94	V	2025-06	120	5	0.0417
PA	94	V	2025-07	236	7	0.0297
PA	94	V	2025-08	71	3	0.0423
PA	94	V	2025-09	66	1	0.0152
PA	94	V	2025-10	22	4	0.1818
PA	94	V	2026-05	97	67	0.6907
PA	94	V	2026-06	49	38	0.7755
PA	94	V	2026-07	48	41	0.8542
PA	137	R	2024-03	192	1	0.0052
PA	137	R	2024-04	329	0	0.0000
PA	137	R	2024-05	265	1	0.0038
PA	137	R	2024-06	279	0	0.0000
PA	137	R	2024-07	183	0	0.0000
PA	137	R	2024-08	58	0	0.0000
PA	137	R	2024-09	292	0	0.0000
PA	137	R	2024-10	464	0	0.0000
PA	137	R	2024-11	492	2	0.0041
PA	137	R	2024-12	554	0	0.0000
PA	137	R	2025-01	70	0	0.0000
PA	137	R	2025-02	109	3	0.0275
PA	137	R	2025-03	139	18	0.1295
PA	137	R	2025-04	234	2	0.0085
PA	137	R	2025-05	183	16	0.0874
PA	137	R	2025-06	120	83	0.6917
PA	137	R	2025-07	236	218	0.9237
PA	137	R	2025-08	71	60	0.8451
PA	137	R	2025-09	66	35	0.5303
PA	137	R	2025-10	22	3	0.1364
PA	137	R	2026-05	97	0	0.0000
PA	137	R	2026-06	49	0	0.0000
PA	137	R	2026-07	48	0	0.0000
PA	219	I	2024-03	192	192	1.0000
PA	219	I	2024-04	329	329	1.0000
PA	219	I	2024-05	265	263	0.9925
PA	219	I	2024-06	279	278	0.9964
PA	219	I	2024-07	183	183	1.0000
PA	219	I	2024-08	58	58	1.0000
PA	219	I	2024-09	292	292	1.0000
PA	219	I	2024-10	464	464	1.0000
PA	219	I	2024-11	492	492	1.0000
PA	219	I	2024-12	554	554	1.0000
PA	219	I	2025-01	70	52	0.7429
PA	219	I	2025-02	109	83	0.7615
PA	219	I	2025-03	139	131	0.9424
PA	219	I	2025-04	234	230	0.9829
PA	219	I	2025-05	183	181	0.9891
PA	219	I	2025-06	120	120	1.0000
PA	219	I	2025-07	236	234	0.9915
PA	219	I	2025-08	71	71	1.0000
PA	219	I	2025-09	66	66	1.0000
PA	219	I	2025-10	22	22	1.0000
PA	219	I	2026-05	97	0	0.0000
PA	219	I	2026-06	49	0	0.0000
PA	219	I	2026-07	48	0	0.0000
PA	362	R	2024-03	192	0	0.0000
PA	362	R	2024-04	329	0	0.0000
PA	362	R	2024-05	265	2	0.0075
PA	362	R	2024-06	279	0	0.0000
PA	362	R	2024-07	183	0	0.0000
PA	362	R	2024-08	58	0	0.0000
PA	362	R	2024-09	292	0	0.0000
PA	362	R	2024-10	464	0	0.0000
PA	362	R	2024-11	492	0	0.0000
PA	362	R	2024-12	554	7	0.0126
PA	362	R	2025-01	70	0	0.0000
PA	362	R	2025-02	109	0	0.0000
PA	362	R	2025-03	139	0	0.0000
PA	362	R	2025-04	234	0	0.0000
PA	362	R	2025-05	183	4	0.0219
PA	362	R	2025-06	120	79	0.6583
PA	362	R	2025-07	236	210	0.8898
PA	362	R	2025-08	71	56	0.7887
PA	362	R	2025-09	66	49	0.7424
PA	362	R	2025-10	22	6	0.2727
PA	362	R	2026-05	97	0	0.0000
PA	362	R	2026-06	49	0	0.0000
PA	362	R	2026-07	48	0	0.0000
PA	432	I	2024-03	192	0	0.0000
PA	432	I	2024-04	329	0	0.0000
PA	432	I	2024-05	265	2	0.0075
PA	432	I	2024-06	279	0	0.0000
PA	432	I	2024-07	183	0	0.0000
PA	432	I	2024-08	58	13	0.2241
PA	432	I	2024-09	292	273	0.9349
PA	432	I	2024-10	464	447	0.9634
PA	432	I	2024-11	492	486	0.9878
PA	432	I	2024-12	554	466	0.8412
PA	432	I	2025-01	70	52	0.7429
PA	432	I	2025-02	109	83	0.7615
PA	432	I	2025-03	139	129	0.9281
PA	432	I	2025-04	234	230	0.9829
PA	432	I	2025-05	183	180	0.9836
PA	432	I	2025-06	120	120	1.0000
PA	432	I	2025-07	236	234	0.9915
PA	432	I	2025-08	71	71	1.0000
PA	432	I	2025-09	66	66	1.0000
PA	432	I	2025-10	22	22	1.0000
PA	432	I	2026-05	97	96	0.9897
PA	432	I	2026-06	49	49	1.0000
PA	432	I	2026-07	48	48	1.0000
PA	655	F	2024-03	192	0	0.0000
PA	655	F	2024-04	329	0	0.0000
PA	655	F	2024-05	265	0	0.0000
PA	655	F	2024-06	279	0	0.0000
PA	655	F	2024-07	183	0	0.0000
PA	655	F	2024-08	58	0	0.0000
PA	655	F	2024-09	292	0	0.0000
PA	655	F	2024-10	464	82	0.1767
PA	655	F	2024-11	492	288	0.5854
PA	655	F	2024-12	554	324	0.5848
PA	655	F	2025-01	70	32	0.4571
PA	655	F	2025-02	109	31	0.2844
PA	655	F	2025-03	139	10	0.0719
PA	655	F	2025-04	234	3	0.0128
PA	655	F	2025-05	183	3	0.0164
PA	655	F	2025-06	120	0	0.0000
PA	655	F	2025-07	236	0	0.0000
PA	655	F	2025-08	71	0	0.0000
PA	655	F	2025-09	66	0	0.0000
PA	655	F	2025-10	22	0	0.0000
PA	655	F	2026-05	97	0	0.0000
PA	655	F	2026-06	49	0	0.0000
PA	655	F	2026-07	48	0	0.0000
PA	277	P	2024-03	192	192	1.0000
PA	277	P	2024-04	329	329	1.0000
PA	277	P	2024-05	265	262	0.9887
PA	277	P	2024-06	279	277	0.9928
PA	277	P	2024-07	183	183	1.0000
PA	277	P	2024-08	58	58	1.0000
PA	277	P	2024-09	292	292	1.0000
PA	277	P	2024-10	464	464	1.0000
PA	277	P	2024-11	492	492	1.0000
PA	277	P	2024-12	554	554	1.0000
PA	277	P	2025-01	70	51	0.7286
PA	277	P	2025-02	109	83	0.7615
PA	277	P	2025-03	139	131	0.9424
PA	277	P	2025-04	234	232	0.9915
PA	277	P	2025-05	183	181	0.9891
PA	277	P	2025-06	120	120	1.0000
PA	277	P	2025-07	236	234	0.9915
PA	277	P	2025-08	71	71	1.0000
PA	277	P	2025-09	66	66	1.0000
PA	277	P	2025-10	22	22	1.0000
PA	277	P	2026-05	97	97	1.0000
PA	277	P	2026-06	49	49	1.0000
PA	277	P	2026-07	48	48	1.0000
PA	113	R	2024-03	192	192	1.0000
PA	113	R	2024-04	329	329	1.0000
PA	113	R	2024-05	265	263	0.9925
PA	113	R	2024-06	279	279	1.0000
PA	113	R	2024-07	183	183	1.0000
PA	113	R	2024-08	58	58	1.0000
PA	113	R	2024-09	292	292	1.0000
PA	113	R	2024-10	464	464	1.0000
PA	113	R	2024-11	492	492	1.0000
PA	113	R	2024-12	554	554	1.0000
PA	113	R	2025-01	70	52	0.7429
PA	113	R	2025-02	109	83	0.7615
PA	113	R	2025-03	139	131	0.9424
PA	113	R	2025-04	234	231	0.9872
PA	113	R	2025-05	183	180	0.9836
PA	113	R	2025-06	120	119	0.9917
PA	113	R	2025-07	236	229	0.9703
PA	113	R	2025-08	71	66	0.9296
PA	113	R	2025-09	66	58	0.8788
PA	113	R	2025-10	22	21	0.9545
PA	113	R	2026-05	97	97	1.0000
PA	113	R	2026-06	49	49	1.0000
PA	113	R	2026-07	48	47	0.9792
PB2	627	K	2024-03	191	0	0.0000
PB2	627	K	2024-04	328	0	0.0000
PB2	627	K	2024-05	262	0	0.0000
PB2	627	K	2024-06	276	0	0.0000
PB2	627	K	2024-07	181	0	0.0000
PB2	627	K	2024-08	58	0	0.0000
PB2	627	K	2024-09	290	0	0.0000
PB2	627	K	2024-10	460	0	0.0000
PB2	627	K	2024-11	485	0	0.0000
PB2	627	K	2024-12	553	0	0.0000
PB2	627	K	2025-01	68	5	0.0735
PB2	627	K	2025-02	107	24	0.2243
PB2	627	K	2025-03	140	13	0.0929
PB2	627	K	2025-04	234	19	0.0812
PB2	627	K	2025-05	180	6	0.0333
PB2	627	K	2025-06	120	7	0.0583
PB2	627	K	2025-07	236	3	0.0127
PB2	627	K	2025-08	71	0	0.0000
PB2	627	K	2025-09	66	0	0.0000
PB2	627	K	2025-10	22	0	0.0000
PB2	627	K	2026-05	93	0	0.0000
PB2	627	K	2026-06	43	0	0.0000
PB2	627	K	2026-07	48	0	0.0000
PB2	701	N	2024-03	191	0	0.0000
PB2	701	N	2024-04	328	0	0.0000
PB2	701	N	2024-05	262	0	0.0000
PB2	701	N	2024-06	276	0	0.0000
PB2	701	N	2024-07	181	0	0.0000
PB2	701	N	2024-08	58	0	0.0000
PB2	701	N	2024-09	290	0	0.0000
PB2	701	N	2024-10	460	0	0.0000
PB2	701	N	2024-11	485	0	0.0000
PB2	701	N	2024-12	553	0	0.0000
PB2	701	N	2025-01	68	16	0.2353
PB2	701	N	2025-02	107	19	0.1776
PB2	701	N	2025-03	140	6	0.0429
PB2	701	N	2025-04	234	0	0.0000
PB2	701	N	2025-05	180	0	0.0000
PB2	701	N	2025-06	120	0	0.0000
PB2	701	N	2025-07	236	0	0.0000
PB2	701	N	2025-08	71	0	0.0000
PB2	701	N	2025-09	66	0	0.0000
PB2	701	N	2025-10	22	0	0.0000
PB2	701	N	2026-05	93	0	0.0000
PB2	701	N	2026-06	43	0	0.0000
PB2	701	N	2026-07	48	0	0.0000
